{"cameraMode":{"drawMode":0,"name":"Shaded","section":"Shading Mode"},"sceneLighting":true,"audioPlay":false,"sceneViewState":{"m_AlwaysRefresh":false,"showFog":true,"showSkybox":true,"showFlares":true,"showImageEffects":true,"showParticleSystems":true,"showVisualEffectGraphs":true,"m_FxEnabled":true},"in2DMode":false,"pivot":{"x":465.1681823730469,"y":-1011.7056884765625,"z":-803.900146484375},"rotation":{"x":-0.012332447804510594,"y":0.9319534301757813,"z":-0.36073237657546999,"w":-0.032145723700523379},"size":934.6990356445313,"orthographic":false}