{"cameraMode":{"drawMode":0,"name":"Shaded","section":"Shading Mode"},"sceneLighting":false,"audioPlay":false,"sceneViewState":{"m_AlwaysRefresh":false,"showFog":true,"showSkybox":false,"showFlares":true,"showImageEffects":true,"showParticleSystems":true,"showVisualEffectGraphs":true,"m_FxEnabled":true},"in2DMode":false,"pivot":{"x":-44.148841857910159,"y":2.405022382736206,"z":3.0660080909729006},"rotation":{"x":-0.1865929663181305,"y":-0.031827062368392947,"z":0.006032656412571669,"w":-0.9818192720413208},"size":4.978046417236328,"orthographic":false}