{"cameraMode":{"drawMode":0,"name":"Shaded","section":"Shading Mode"},"sceneLighting":false,"audioPlay":false,"sceneViewState":{"m_AlwaysRefresh":false,"showFog":true,"showSkybox":false,"showFlares":true,"showImageEffects":true,"showParticleSystems":true,"showVisualEffectGraphs":true,"m_FxEnabled":true},"in2DMode":false,"pivot":{"x":-48.144195556640628,"y":-0.8152050971984863,"z":4.515850067138672},"rotation":{"x":-0.27643299102783205,"y":0.27522173523902895,"z":-0.08298880606889725,"w":-0.9169533252716065},"size":7.4494099617004398,"orthographic":false}