{"cameraMode":{"drawMode":0,"name":"Shaded","section":"Shading Mode"},"sceneLighting":true,"audioPlay":false,"sceneViewState":{"m_AlwaysRefresh":false,"showFog":true,"showSkybox":true,"showFlares":true,"showImageEffects":true,"showParticleSystems":true,"showVisualEffectGraphs":true,"m_FxEnabled":true},"in2DMode":false,"pivot":{"x":-0.7318053245544434,"y":-12.255561828613282,"z":78.20708465576172},"rotation":{"x":-0.16897305846214295,"y":0.009462041780352593,"z":-0.0015994599089026452,"w":-0.9854931235313416},"size":72.94442749023438,"orthographic":false}