{"cameraMode":{"drawMode":0,"name":"Shaded","section":"Shading Mode"},"sceneLighting":true,"audioPlay":false,"sceneViewState":{"m_AlwaysRefresh":false,"showFog":true,"showSkybox":true,"showFlares":true,"showImageEffects":true,"showParticleSystems":true,"showVisualEffectGraphs":true,"m_FxEnabled":true},"in2DMode":false,"pivot":{"x":-7.282849311828613,"y":-0.25905799865722659,"z":9.429634094238282},"rotation":{"x":-0.12000305950641632,"y":0.012505309656262398,"z":-0.0015151981497183443,"w":-0.9926403164863586},"size":35.17426300048828,"orthographic":false}