{"cameraMode":{"drawMode":0,"name":"Shaded","section":"Shading Mode"},"sceneLighting":true,"audioPlay":false,"sceneViewState":{"m_AlwaysRefresh":false,"showFog":true,"showSkybox":true,"showFlares":true,"showImageEffects":true,"showParticleSystems":true,"showVisualEffectGraphs":true,"m_FxEnabled":true},"in2DMode":false,"pivot":{"x":-44.461509704589847,"y":3.171264171600342,"z":0.059032440185546878},"rotation":{"x":-0.17977195978164674,"y":-0.1623672991991043,"z":0.030096301808953286,"w":-0.9696912169456482},"size":6.807829856872559,"orthographic":false}