{"cameraMode":{"drawMode":0,"name":"Shaded","section":"Shading Mode"},"sceneLighting":true,"audioPlay":false,"sceneViewState":{"m_AlwaysRefresh":false,"showFog":true,"showSkybox":true,"showFlares":true,"showImageEffects":true,"showParticleSystems":true,"showVisualEffectGraphs":true,"m_FxEnabled":true},"in2DMode":false,"pivot":{"x":-13.467869758605957,"y":29.341766357421876,"z":1.3884925842285157},"rotation":{"x":-0.08420220017433167,"y":0.006572545971721411,"z":-0.0005687871016561985,"w":-0.9963678121566773},"size":32.179283142089847,"orthographic":false}