{"cameraMode":{"drawMode":0,"name":"Shaded","section":"Shading Mode"},"sceneLighting":true,"audioPlay":false,"sceneViewState":{"m_AlwaysRefresh":false,"showFog":true,"showSkybox":true,"showFlares":true,"showImageEffects":true,"showParticleSystems":true,"showVisualEffectGraphs":true,"m_FxEnabled":true},"in2DMode":false,"pivot":{"x":-40.67626953125,"y":-0.3752422332763672,"z":0.10344314575195313},"rotation":{"x":-0.12299176305532456,"y":-0.006850261241197586,"z":0.0008525965386070311,"w":-0.9923601150512695},"size":19.055072784423829,"orthographic":false}