{"cameraMode":{"drawMode":0,"name":"Shaded","section":"Shading Mode"},"sceneLighting":true,"audioPlay":false,"sceneViewState":{"m_AlwaysRefresh":false,"showFog":true,"showSkybox":true,"showFlares":true,"showImageEffects":true,"showParticleSystems":true,"showVisualEffectGraphs":true,"m_FxEnabled":true},"in2DMode":false,"pivot":{"x":-40.854530334472659,"y":37.981239318847659,"z":-32.31069564819336},"rotation":{"x":0.27348214387893679,"y":0.40836289525032046,"z":-0.12968336045742036,"w":0.8611592650413513},"size":14.930384635925293,"orthographic":true}