{"cameraMode":{"drawMode":0,"name":"Shaded","section":"Shading Mode"},"sceneLighting":true,"audioPlay":false,"sceneViewState":{"m_AlwaysRefresh":false,"showFog":true,"showSkybox":true,"showFlares":true,"showImageEffects":true,"showParticleSystems":true,"showVisualEffectGraphs":true,"m_FxEnabled":true},"in2DMode":false,"pivot":{"x":0.9643287658691406,"y":6.128805637359619,"z":-2.1823415756225588},"rotation":{"x":-0.26140889525413515,"y":0.08153047412633896,"z":-0.02218853496015072,"w":-0.9613562226295471},"size":6.656064510345459,"orthographic":true}