{"cameraMode":{"drawMode":0,"name":"Shaded","section":"Shading Mode"},"sceneLighting":true,"audioPlay":false,"sceneViewState":{"m_AlwaysRefresh":false,"showFog":true,"showSkybox":true,"showFlares":true,"showImageEffects":true,"showParticleSystems":true,"showVisualEffectGraphs":true,"m_FxEnabled":true},"in2DMode":false,"pivot":{"x":0.26683878898620608,"y":4.637338161468506,"z":-3.3975839614868166},"rotation":{"x":-0.26140889525413515,"y":0.08153047412633896,"z":-0.02218853496015072,"w":-0.9613562226295471},"size":8.29466724395752,"orthographic":true}