{"cameraMode":{"drawMode":0,"name":"Shaded","section":"Shading Mode"},"sceneLighting":false,"audioPlay":false,"sceneViewState":{"m_AlwaysRefresh":false,"showFog":true,"showSkybox":false,"showFlares":true,"showImageEffects":true,"showParticleSystems":true,"showVisualEffectGraphs":true,"m_FxEnabled":true},"in2DMode":false,"pivot":{"x":3.431227207183838,"y":2.115777015686035,"z":-14.800000190734864},"rotation":{"x":-0.20133079588413239,"y":0.019675083458423616,"z":-0.0040502347983419899,"w":-0.9790676236152649},"size":11.49355697631836,"orthographic":false}